Workbook

Sheet Summary
A1: UeCampus — SEO keywords for every page
A2: Generated 2026-09-22 from the live site source. https://uecampus.com
A4: Counts
A5: Pages in this workbook | B5: =COUNTA('All Pages'!A2:A147)
A6: Site pages | B6: =COUNTIF('All Pages'!A2:A147,"Site page")
A7: Programme pages | B7: =COUNTIF('All Pages'!A2:A147,"Programme")
A8: Partner pages | B8: =COUNTIF('All Pages'!A2:A147,"Partner")
A9: Keyword entries in total | B9: =COUNTA(Keywords!A2:A622)
A10: Unique keywords | B10: =COUNTA('Keyword Index'!A2:A355)
A11: Average keywords per page | B11: =ROUND(COUNTA(Keywords!A2:A622)/COUNTA('All Pages'!A2:A147),1)
A13: Sheets
A14: All Pages | C14: Every page with its title tag, meta description and full keyword list. One row per URL.
A15: Keywords | C15: Every keyword on its own row, A–Z, with the page it belongs to. 'Position on page' is its order within that page's keyword list.
A16: Keyword Index | C16: Each unique keyword once, with how many pages use it — sorted most-used first, so overlap between pages is visible at a glance.
A18: Where each keyword comes from
A19: courseSeoOverrides.ts (keyword map) | B19: 110 | C19: Hand-written per programme, imported from the keyword map spreadsheet.
A20: generated from course data | B20: 17 | C20: No keyword-map row for this programme, so the site builds the keywords from its title, level, awarding body and subject categories.
A21: siteMeta.ts | B21: 13 | C21: Hand-written per site page.
A22: generated from partner data | B22: 5 | C22: Built from the partner's name.
A23: blog/index.php | B23: 1 | C23: Hand-written in the blog's PHP template.
A25: These are the keywords the site serves today — read from the same source files the pages render from, so a row here matches that page's <meta name="keywords"> exactly.
A26: Programme rows include the 33 pages hidden from listings or canonicalised to another programme; the Notes column on 'All Pages' flags each one.
A27: Editing this workbook does not change the website. Keywords are edited in the admin console under SEO tags, or in the source files named in the 'Keyword source' column.

Sheet All Pages
A1: Group | B1: Page / Programme | C1: URL | D1: Title tag | E1: Meta description | F1: Keywords | G1: # Keywords | H1: Level | I1: Awarding body | J1: Keyword source | K1: Notes
A2: Site page | B2: About UeCampus | C2: https://uecampus.com/about-us | D2: About UeCampus | Online Higher Education Platform | E2: UeCampus delivers internationally recognised online degrees with partners across the USA, France, Europe and UK. Meet the team behind Degrees Without Barriers. | F2: about uecampus, uecampus reviews, uecampus online university | G2: =IF(TRIM(F2)="",0,LEN(TRIM(F2))-LEN(SUBSTITUTE(TRIM(F2),",",""))+1) | J2: siteMeta.ts
A3: Site page | B3: Accreditation & University Partners | C3: https://uecampus.com/accreditation-and-partners | D3: Accreditation & University Partners | UeCampus | E3: How UeCampus programmes are accredited: Walsh College (HLC, ACBSP), PPA Business School, eie, Qualifi. Verify every credential on official registers. | F3: uecampus accreditation, is uecampus accredited, is uecampus legit, walsh college accreditation | G3: =IF(TRIM(F3)="",0,LEN(TRIM(F3))-LEN(SUBSTITUTE(TRIM(F3),",",""))+1) | J3: siteMeta.ts
A4: Site page | B4: All Programmes | C4: https://uecampus.com/programmes | D4: All Programmes | Bachelors, Masters, MBA, DBA | UeCampus | E4: Full catalogue of internationally recognised online programmes from Walsh College, PPA Business School, eie and UK awarding bodies. Compare levels, fees and diplomas. | F4: online degree programmes, university programmes online, postgraduate programmes online | G4: =IF(TRIM(F4)="",0,LEN(TRIM(F4))-LEN(SUBSTITUTE(TRIM(F4),",",""))+1) | J4: siteMeta.ts
A5: Site page | B5: Blog (journal index) | C5: https://uecampus.com/blog | D5: Blog | Online Study, Careers & Qualifications | UeCampus | E5: Guides on online study, UK qualifications, career growth and degree recognition from the UeCampus academic team. | F5: online education blog, distance learning tips, online study advice, uecampus blog | G5: =IF(TRIM(F5)="",0,LEN(TRIM(F5))-LEN(SUBSTITUTE(TRIM(F5),",",""))+1) | J5: blog/index.php
A6: Site page | B6: Contact UeCampus | C6: https://uecampus.com/contact-us | D6: Contact UeCampus | Speak to an Admissions Advisor | E6: Talk to a UeCampus admissions advisor about programmes, fees and the September 2026 intake. WhatsApp, phone and email support. | F6: contact uecampus, uecampus whatsapp, uecampus admissions | G6: =IF(TRIM(F6)="",0,LEN(TRIM(F6))-LEN(SUBSTITUTE(TRIM(F6),",",""))+1) | J6: siteMeta.ts
A7: Site page | B7: Enquire Now | C7: https://uecampus.com/enquire-now | D7: Enquire Now | Start Your Online Degree | UeCampus | E7: Request programme details, fees and entry requirements. An advisor responds within 24 hours. September 2026 intake - places limited. | F7: apply online degree, enrol online university, online degree application | G7: =IF(TRIM(F7)="",0,LEN(TRIM(F7))-LEN(SUBSTITUTE(TRIM(F7),",",""))+1) | J7: siteMeta.ts
A8: Site page | B8: Online Degree Programmes & UK Diplomas | C8: https://uecampus.com/courses | D8: Online Degree Programmes & UK Diplomas | UeCampus | E8: Browse internationally recognised online programmes: BBA, BSc, MBA, DBA and UK Level 2-8 diplomas. Study anywhere, graduate with a recognised qualification. | F8: online courses and degree programmes, online degree programmes, recognised online courses | G8: =IF(TRIM(F8)="",0,LEN(TRIM(F8))-LEN(SUBSTITUTE(TRIM(F8),",",""))+1) | J8: siteMeta.ts
A9: Site page | B9: Online Degrees FAQ | C9: https://uecampus.com/faqs | D9: Online Degrees FAQ | Recognition, Fees & Study | UeCampus | E9: Answers to common questions about studying online with UeCampus: recognition, attestation, fees, assessments and graduation. | F9: online degree faq, how do online degrees work, are online degrees recognised | G9: =IF(TRIM(F9)="",0,LEN(TRIM(F9))-LEN(SUBSTITUTE(TRIM(F9),",",""))+1) | J9: siteMeta.ts
A10: Site page | B10: Online Degrees Without Barriers | C10: https://uecampus.com/ | D10: Online Degrees Without Barriers | Flexible & Affordable | UeCampus | E10: Study 100% online with UeCampus. Internationally recognised bachelors, masters, MBA, DBA & UK diplomas from partner institutions. Flexible fees. Sept 2026 intake open. | F10: online degrees, online university, affordable online degrees, distance learning degrees | G10: =IF(TRIM(F10)="",0,LEN(TRIM(F10))-LEN(SUBSTITUTE(TRIM(F10),",",""))+1) | J10: siteMeta.ts
A11: Site page | B11: Our Team | C11: https://uecampus.com/team | D11: Our Team | The People Behind UeCampus | E11: Meet the people behind UeCampus — the academics, advisors and support team helping students earn internationally recognised online degrees. | F11: uecampus team, uecampus staff, uecampus leadership, meet the team | G11: =IF(TRIM(F11)="",0,LEN(TRIM(F11))-LEN(SUBSTITUTE(TRIM(F11),",",""))+1) | J11: siteMeta.ts
A12: Site page | B12: Page Not Found | C12: https://uecampus.com/404 | D12: Page Not Found | UeCampus | E12: The page you were looking for could not be found. Explore UeCampus online programmes, accreditation and admissions instead. | F12: UeCampus, page not found | G12: =IF(TRIM(F12)="",0,LEN(TRIM(F12))-LEN(SUBSTITUTE(TRIM(F12),",",""))+1) | J12: siteMeta.ts
A13: Site page | B13: Scholarships for Online Students | C13: https://uecampus.com/scholarship | D13: Scholarships for Online Students | UeCampus | E13: Apply for the Academic Excellence or Developing Country Scholarship and reduce the cost of your online degree with UeCampus. | F13: online degree scholarships, scholarships for online students, developing country scholarship | G13: =IF(TRIM(F13)="",0,LEN(TRIM(F13))-LEN(SUBSTITUTE(TRIM(F13),",",""))+1) | J13: siteMeta.ts
... A15: Site page | B15: Tuition & Fees | C15: https://uecampus.com/fees | D15: Tuition & Fees | Online Degree Costs | UeCampus | E15: Transparent tuition fees for internationally recognised online degrees from Walsh College, eie and PPA Business School. Compare bachelor, master and PhD programme costs. | F15: online degree fees, tuition fees, walsh college fees, eie fees, ppa business school fees | G15: =IF(TRIM(F15)="",0,LEN(TRIM(F15))-LEN(SUBSTITUTE(TRIM(F15),",",""))+1) | J15: siteMeta.ts
A16: Programme | B16: BA (Hons) in Business Management (BBA) | C16: https://uecampus.com/programmes/bba-business-management-eie | D16: Online BBA Business Management | eie Malta | UeCampus | E16: Accredited European BBA Business Management delivered 100% online through eie European Business School. Flexible, affordable, globally recognised. | F16: online bba business management, bba business management eie european business school, european degree online, MQF accredited degree | G16: =IF(TRIM(F16)="",0,LEN(TRIM(F16))-LEN(SUBSTITUTE(TRIM(F16),",",""))+1) | H16: Bachelor's | I16: eie Business School | J16: courseSeoOverrides.ts (keyword map)
A17: Programme | B17: Bachelor of Arts in Accountancy and Finance | C17: https://uecampus.com/programmes/bachelor-of-arts-in-accountancy-and-finance-eie-european-business-school | D17: Bachelor of Arts in Accountancy and Finance | eie | UeCampus | E17: Accredited European Bachelor of Arts in Accountancy and Finance delivered 100% online through eie European Business School. Flexible, affordable | F17: online bachelor of arts in accountancy and finance, bachelor of arts in accountancy and finance eie european business school, european degree online, MQF accredited degree | G17: =IF(TRIM(F17)="",0,LEN(TRIM(F17))-LEN(SUBSTITUTE(TRIM(F17),",",""))+1) | H17: Bachelor's | I17: eie Business School | J17: courseSeoOverrides.ts (keyword map)
A18: Programme | B18: Bachelor of Arts in Business Managment | C18: https://uecampus.com/programmes/bachelor-of-arts-in-business-managment---eie-european-business-school | D18: Bachelor of Arts in Business Managment | eie | UeCampus | E18: Accredited European Bachelor of Arts in Business Managment delivered 100% online through eie European Business School. Flexible, affordable, globally | F18: online bachelor of arts in business managment, bachelor of arts in business managment eie european business school, european degree online, MQF accredited degree | G18: =IF(TRIM(F18)="",0,LEN(TRIM(F18))-LEN(SUBSTITUTE(TRIM(F18),",",""))+1) | H18: Bachelor's | I18: eie Business School | J18: courseSeoOverrides.ts (keyword map) | K18: hidden from listings · canonical: /programmes/bba-business-management-eie
A19: Programme | B19: Bachelor of Business Administration (BBA) | C19: https://uecampus.com/programmes/bachelor-of-business-administration-bba | D19: Online Bachelor of Business Administration BBA | UeCampus | E19: Study a recognised Bachelor of Business Administration BBA 100% online with UeCampus. Flexible schedules, monthly instalments and full tutor support. | F19: online bachelor of business administration bba, recognised bachelor of business administration bba online, bachelor of business administration bba distance learning, affordable bachelor of business administration bba | G19: =IF(TRIM(F19)="",0,LEN(TRIM(F19))-LEN(SUBSTITUTE(TRIM(F19),",",""))+1) | H19: Bachelor's | I19: Walsh College | J19: courseSeoOverrides.ts (keyword map) | K19: hidden from listings · canonical: /programmes/bba-walsh
A20: Programme | B20: Bachelor of Business Administration (BBA) | C20: https://uecampus.com/programmes/bachelor-of-business-administration-bba-direct | D20: Online Bachelor of Business Administration BBA | UeCampus | E20: Study a recognised Bachelor of Business Administration BBA 100% online with UeCampus. Flexible schedules, monthly instalments and full tutor support. | F20: online bachelor of business administration bba, recognised bachelor of business administration bba online, bachelor of business administration bba distance learning, affordable bachelor of business administration bba | G20: =IF(TRIM(F20)="",0,LEN(TRIM(F20))-LEN(SUBSTITUTE(TRIM(F20),",",""))+1) | H20: Bachelor's | I20: Walsh College Direct | J20: courseSeoOverrides.ts (keyword map) | K20: hidden from listings · canonical: /programmes/bba-walsh
A21: Programme | B21: Bachelor of Business Administration in Human Resource Management | C21: https://uecampus.com/programmes/bba-human-resource-management-walsh | D21: BBA Human Resource Management Online | Walsh | UeCampus | E21: Earn an accredited BBA Human Resource Management 100% online from Walsh College USA (HLC & ACBSP accredited). Flexible study, monthly instalments, Sept | F21: online bba human resource management, bba human resource management walsh college, accredited american bba human resource management online, US degree online | G21: =IF(TRIM(F21)="",0,LEN(TRIM(F21))-LEN(SUBSTITUTE(TRIM(F21),",",""))+1) | H21: Bachelor's | I21: Walsh College Direct | J21: courseSeoOverrides.ts (keyword map)
A22: Programme | B22: Bachelor of Business Administration in Human Resource Management | C22: https://uecampus.com/programmes/bba-human-resource-management-walsh-uecampus | D22: BBA Human Resource Management Online | Walsh | UeCampus | E22: Earn an accredited BBA Human Resource Management 100% online from Walsh College USA (HLC & ACBSP accredited). Flexible study, monthly instalments, Sept | F22: online bba human resource management, bba human resource management walsh college, accredited american bba human resource management online, US degree online | G22: =IF(TRIM(F22)="",0,LEN(TRIM(F22))-LEN(SUBSTITUTE(TRIM(F22),",",""))+1) | H22: Bachelor's | I22: Walsh College | J22: courseSeoOverrides.ts (keyword map)
A23: Programme | B23: Bachelor of Science in Cyber Security | C23: https://uecampus.com/programmes/bsc-cyber-security-walsh | D23: Online BSc Cyber Security | Walsh College USA | UeCampus | E23: Earn an accredited BSc Cyber Security 100% online from Walsh College USA (HLC & ACBSP accredited). Flexible study, monthly instalments, Sept 2026 intake. | F23: online bsc cyber security, bsc cyber security walsh college, accredited american bsc cyber security online, US degree online | G23: =IF(TRIM(F23)="",0,LEN(TRIM(F23))-LEN(SUBSTITUTE(TRIM(F23),",",""))+1) | H23: Bachelor's | I23: Walsh College Direct | J23: courseSeoOverrides.ts (keyword map)
A24: Programme | B24: Bachelor of Science in Cyber Security | C24: https://uecampus.com/programmes/bsc-cyber-security-walsh-uecampus | D24: Online BSc Cyber Security | Walsh College USA | UeCampus | E24: Earn an accredited BSc Cyber Security 100% online from Walsh College USA (HLC & ACBSP accredited). Flexible study, monthly instalments, Sept 2026 intake. | F24: online bsc cyber security, bsc cyber security walsh college, accredited american bsc cyber security online, US degree online | G24: =IF(TRIM(F24)="",0,LEN(TRIM(F24))-LEN(SUBSTITUTE(TRIM(F24),",",""))+1) | H24: Bachelor's | I24: Walsh College | J24: courseSeoOverrides.ts (keyword map)
A25: Programme | B25: Bachelor's in Accounting | C25: https://uecampus.com/programmes/bachelors-in-accounting | D25: Online Bachelors in Accounting | Recognised | UeCampus | E25: Study a recognised Bachelors in Accounting 100% online with UeCampus. Flexible schedules, monthly instalments and full tutor support. Sept 2026 intake | F25: online bachelors in accounting, recognised bachelors in accounting online, bachelors in accounting distance learning, affordable bachelors in accounting | G25: =IF(TRIM(F25)="",0,LEN(TRIM(F25))-LEN(SUBSTITUTE(TRIM(F25),",",""))+1) | H25: Bachelor's | I25: Walsh College | J25: courseSeoOverrides.ts (keyword map) | K25: hidden from listings · canonical: /programmes/bba-in-accounting
A26: Programme | B26: Bachelor's in Accounting | C26: https://uecampus.com/programmes/bachelors-in-accounting-direct | D26: Online Bachelors in Accounting | Recognised | UeCampus | E26: Study a recognised Bachelors in Accounting 100% online with UeCampus. Flexible schedules, monthly instalments and full tutor support. Sept 2026 intake | F26: online bachelors in accounting, recognised bachelors in accounting online, bachelors in accounting distance learning, affordable bachelors in accounting | G26: =IF(TRIM(F26)="",0,LEN(TRIM(F26))-LEN(SUBSTITUTE(TRIM(F26),",",""))+1) | H26: Bachelor's | I26: Walsh College Direct | J26: courseSeoOverrides.ts (keyword map) | K26: hidden from listings · canonical: /programmes/bba-in-accounting-direct
A27: Programme | B27: Bachelor's in Data Analytics | C27: https://uecampus.com/programmes/bachelors-in-data-analytics | D27: Online Bachelors in Data Analytics | Recognised | UeCampus | E27: Study a recognised Bachelors in Data Analytics 100% online with UeCampus. Flexible schedules, monthly instalments and full tutor support. Sept 2026 | F27: online bachelors in data analytics, recognised bachelors in data analytics online, bachelors in data analytics distance learning, affordable bachelors in data analytics | G27: =IF(TRIM(F27)="",0,LEN(TRIM(F27))-LEN(SUBSTITUTE(TRIM(F27),",",""))+1) | H27: Bachelor's | I27: Walsh College | J27: courseSeoOverrides.ts (keyword map) | K27: hidden from listings · canonical: /programmes/bsc-in-data-analytics
A28: Programme | B28: Bachelor's in Data Analytics | C28: https://uecampus.com/programmes/bachelors-in-data-analytics-direct | D28: Online Bachelors in Data Analytics | Recognised | UeCampus | E28: Study a recognised Bachelors in Data Analytics 100% online with UeCampus. Flexible schedules, monthly instalments and full tutor support. Sept 2026 | F28: online bachelors in data analytics, recognised bachelors in data analytics online, bachelors in data analytics distance learning, affordable bachelors in data analytics | G28: =IF(TRIM(F28)="",0,LEN(TRIM(F28))-LEN(SUBSTITUTE(TRIM(F28),",",""))+1) | H28: Bachelor's | I28: Walsh College Direct | J28: courseSeoOverrides.ts (keyword map) | K28: hidden from listings · canonical: /programmes/bsc-in-data-analytics-direct
A29: Programme | B29: Bachelor's in Entrepreneurship | C29: https://uecampus.com/programmes/bachelors-in-entrepreneurship | D29: Online Bachelors in Entrepreneurship | Recognised | UeCampus | E29: Study a recognised Bachelors in Entrepreneurship 100% online with UeCampus. Flexible schedules, monthly instalments and full tutor support. Sept 2026 | F29: online bachelors in entrepreneurship, recognised bachelors in entrepreneurship online, bachelors in entrepreneurship distance learning, affordable bachelors in entrepreneurship | G29: =IF(TRIM(F29)="",0,LEN(TRIM(F29))-LEN(SUBSTITUTE(TRIM(F29),",",""))+1) | H29: Bachelor's | I29: Walsh College | J29: courseSeoOverrides.ts (keyword map) | K29: hidden from listings · canonical: /programmes/bba-in-entrepreneurship
A30: Programme | B30: Bachelor's in Entrepreneurship | C30: https://uecampus.com/programmes/bachelors-in-entrepreneurship-direct | D30: Online Bachelors in Entrepreneurship | Recognised | UeCampus | E30: Study a recognised Bachelors in Entrepreneurship 100% online with UeCampus. Flexible schedules, monthly instalments and full tutor support. Sept 2026 | F30: online bachelors in entrepreneurship, recognised bachelors in entrepreneurship online, bachelors in entrepreneurship distance learning, affordable bachelors in entrepreneurship | G30: =IF(TRIM(F30)="",0,LEN(TRIM(F30))-LEN(SUBSTITUTE(TRIM(F30),",",""))+1) | H30: Bachelor's | I30: Walsh College Direct | J30: courseSeoOverrides.ts (keyword map) | K30: hidden from listings · canonical: /programmes/bba-in-entrepreneurship-direct
A31: Programme | B31: Bachelors of Arts in Tourism and Hospitality Management | C31: https://uecampus.com/programmes/bachelors-of-arts-in-tourism-and-hospitality-management-eie-european-business-school | D31: Bachelors of Arts in Tourism and Hospitality Management | ei | E31: Accredited European Bachelors of Arts in Tourism and Hospitality Management delivered 100% online through eie European Business School. Flexible | F31: online bachelors of arts in tourism and hospitality management, bachelors of arts in tourism and hospitality management eie european business school, european degree online, MQF accredited degree | G31: =IF(TRIM(F31)="",0,LEN(TRIM(F31))-LEN(SUBSTITUTE(TRIM(F31),",",""))+1) | H31: Bachelor's | I31: eie Business School | J31: courseSeoOverrides.ts (keyword map)
A32: Programme | B32: BBA for ACCA | C32: https://uecampus.com/programmes/bba-for-acca | D32: BBA for ACCA | Walsh College | UeCampus | E32: BBA for ACCA delivered 100% online through Walsh College. Flexible, affordable and globally recognised. Sept 2026 intake. | F32: BBA for ACCA, online BBA for ACCA, Bachelor's online, Walsh College, Accounting, recognised online degree, UeCampus | G32: =IF(TRIM(F32)="",0,LEN(TRIM(F32))-LEN(SUBSTITUTE(TRIM(F32),",",""))+1) | H32: Bachelor's | I32: Walsh College | J32: generated from course data | K32: hidden from listings
A33: Programme | B33: BBA for ACCA | C33: https://uecampus.com/programmes/bba-for-acca-direct | D33: BBA for ACCA | Walsh College Direct | UeCampus | E33: BBA for ACCA delivered 100% online through Walsh College. Flexible, affordable and globally recognised. Sept 2026 intake. | F33: BBA for ACCA, online BBA for ACCA, Bachelor's online, Walsh College, Accounting, recognised online degree, UeCampus | G33: =IF(TRIM(F33)="",0,LEN(TRIM(F33))-LEN(SUBSTITUTE(TRIM(F33),",",""))+1) | H33: Bachelor's | I33: Walsh College Direct | J33: generated from course data | K33: hidden from listings
A34: Programme | B34: BBA in Accounting | C34: https://uecampus.com/programmes/bba-in-accounting | D34: BBA in Accounting | Walsh College | UeCampus | E34: BBA in Accounting delivered 100% online through Walsh College. Flexible, affordable and globally recognised. Sept 2026 intake. | F34: BBA in Accounting, online BBA in Accounting, Bachelor's online, Walsh College, Accounting, recognised online degree, UeCampus | G34: =IF(TRIM(F34)="",0,LEN(TRIM(F34))-LEN(SUBSTITUTE(TRIM(F34),",",""))+1) | H34: Bachelor's | I34: Walsh College | J34: generated from course data
A35: Programme | B35: BBA in Accounting | C35: https://uecampus.com/programmes/bba-in-accounting-direct | D35: BBA in Accounting | Walsh College Direct | UeCampus | E35: BBA in Accounting delivered 100% online through Walsh College. Flexible, affordable and globally recognised. Sept 2026 intake. | F35: BBA in Accounting, online BBA in Accounting, Bachelor's online, Walsh College, Accounting, recognised online degree, UeCampus | G35: =IF(TRIM(F35)="",0,LEN(TRIM(F35))-LEN(SUBSTITUTE(TRIM(F35),",",""))+1) | H35: Bachelor's | I35: Walsh College Direct | J35: generated from course data
A36: Programme | B36: BBA in Entrepreneurship | C36: https://uecampus.com/programmes/bba-in-entrepreneurship | D36: BBA in Entrepreneurship | Walsh College | UeCampus | E36: BBA in Entrepreneurship delivered 100% online through Walsh College. Flexible, affordable and globally recognised. Sept 2026 intake. | F36: BBA in Entrepreneurship, online BBA in Entrepreneurship, Bachelor's online, Walsh College, Entrepreneurship, recognised online degree, UeCampus | G36: =IF(TRIM(F36)="",0,LEN(TRIM(F36))-LEN(SUBSTITUTE(TRIM(F36),",",""))+1) | H36: Bachelor's | I36: Walsh College | J36: generated from course data
A37: Programme | B37: BBA in Entrepreneurship | C37: https://uecampus.com/programmes/bba-in-entrepreneurship-direct | D37: BBA in Entrepreneurship | Walsh College Direct | UeCampus | E37: BBA in Entrepreneurship delivered 100% online through Walsh College. Flexible, affordable and globally recognised. Sept 2026 intake. | F37: BBA in Entrepreneurship, online BBA in Entrepreneurship, Bachelor's online, Walsh College, Entrepreneurship, recognised online degree, UeCampus | G37: =IF(TRIM(F37)="",0,LEN(TRIM(F37))-LEN(SUBSTITUTE(TRIM(F37),",",""))+1) | H37: Bachelor's | I37: Walsh College Direct | J37: generated from course data
A38: Programme | B38: BBA in Finance | C38: https://uecampus.com/programmes/bba-finance-walsh | D38: Online BBA Finance | Walsh College USA | UeCampus | E38: Earn an accredited BBA Finance 100% online from Walsh College USA (HLC & ACBSP accredited). Flexible study, monthly instalments, Sept 2026 intake. | F38: online bba finance, bba finance walsh college, accredited american bba finance online, US degree online | G38: =IF(TRIM(F38)="",0,LEN(TRIM(F38))-LEN(SUBSTITUTE(TRIM(F38),",",""))+1) | H38: Bachelor's | I38: Walsh College Direct | J38: courseSeoOverrides.ts (keyword map)
A39: Programme | B39: BBA in Finance | C39: https://uecampus.com/programmes/bba-finance-walsh-uecampus | D39: Online BBA Finance | Walsh College USA | UeCampus | E39: Earn an accredited BBA Finance 100% online from Walsh College USA (HLC & ACBSP accredited). Flexible study, monthly instalments, Sept 2026 intake. | F39: online bba finance, bba finance walsh college, accredited american bba finance online, US degree online | G39: =IF(TRIM(F39)="",0,LEN(TRIM(F39))-LEN(SUBSTITUTE(TRIM(F39),",",""))+1) | H39: Bachelor's | I39: Walsh College | J39: courseSeoOverrides.ts (keyword map)
A40: Programme | B40: BBA in General Business | C40: https://uecampus.com/programmes/bba-in-general-business | D40: Online BBA in General Business | Recognised | UeCampus | E40: Study a recognised BBA in General Business 100% online with UeCampus. Flexible schedules, monthly instalments and full tutor support. Sept 2026 intake | F40: online bba in general business, recognised bba in general business online, bba in general business distance learning, affordable bba in general business | G40: =IF(TRIM(F40)="",0,LEN(TRIM(F40))-LEN(SUBSTITUTE(TRIM(F40),",",""))+1) | H40: Bachelor's | I40: Walsh College | J40: courseSeoOverrides.ts (keyword map) | K40: hidden from listings · canonical: /programmes/bba-walsh
A41: Programme | B41: BBA in General Business | C41: https://uecampus.com/programmes/bba-in-general-business-direct | D41: Online BBA in General Business | Recognised | UeCampus | E41: Study a recognised BBA in General Business 100% online with UeCampus. Flexible schedules, monthly instalments and full tutor support. Sept 2026 intake | F41: online bba in general business, recognised bba in general business online, bba in general business distance learning, affordable bba in general business | G41: =IF(TRIM(F41)="",0,LEN(TRIM(F41))-LEN(SUBSTITUTE(TRIM(F41),",",""))+1) | H41: Bachelor's | I41: Walsh College Direct | J41: courseSeoOverrides.ts (keyword map) | K41: hidden from listings · canonical: /programmes/bba-walsh
A42: Programme | B42: BBA in Human Resource Management | C42: https://uecampus.com/programmes/bba-human-resource-management-ppa | D42: Online BBA Human Resource Management | PPA Paris | UeCampus | E42: Study an accredited BBA Human Resource Management online with PPA Business School Paris. No GMAT, flexible payments, finish in 12-18 months. Enrolling | F42: online bba human resource management, bba human resource management ppa business school, french business school bba human resource management online, affordable bba human resource management | G42: =IF(TRIM(F42)="",0,LEN(TRIM(F42))-LEN(SUBSTITUTE(TRIM(F42),",",""))+1) | H42: Bachelor's | I42: PPA | J42: courseSeoOverrides.ts (keyword map)
A43: Programme | B43: BBA in International Business | C43: https://uecampus.com/programmes/bba-international-business-walsh | D43: Online BBA International Business | Walsh College | UeCampus | E43: Earn an accredited BBA International Business 100% online from Walsh College USA (HLC & ACBSP accredited). Flexible study, monthly instalments, Sept 2026 | F43: online bba international business, bba international business walsh college, accredited american bba international business online, US degree online | G43: =IF(TRIM(F43)="",0,LEN(TRIM(F43))-LEN(SUBSTITUTE(TRIM(F43),",",""))+1) | H43: Bachelor's | I43: Walsh College Direct | J43: courseSeoOverrides.ts (keyword map)
A44: Programme | B44: BBA in International Business | C44: https://uecampus.com/programmes/bba-international-business-ppa | D44: Online BBA International Business | PPA Paris | UeCampus | E44: Study an accredited BBA International Business online with PPA Business School Paris. No GMAT, flexible payments, finish in 12-18 months. Enrolling for | F44: online bba international business, bba international business ppa business school, french business school bba international business online, affordable bba international business | G44: =IF(TRIM(F44)="",0,LEN(TRIM(F44))-LEN(SUBSTITUTE(TRIM(F44),",",""))+1) | H44: Bachelor's | I44: PPA | J44: courseSeoOverrides.ts (keyword map)
A45: Programme | B45: BBA in International Business | C45: https://uecampus.com/programmes/bba-international-business-walsh-uecampus | D45: Online BBA International Business | Walsh College | UeCampus | E45: Earn an accredited BBA International Business 100% online from Walsh College USA (HLC & ACBSP accredited). Flexible study, monthly instalments, Sept 2026 | F45: online bba international business, bba international business walsh college, accredited american bba international business online, US degree online | G45: =IF(TRIM(F45)="",0,LEN(TRIM(F45))-LEN(SUBSTITUTE(TRIM(F45),",",""))+1) | H45: Bachelor's | I45: Walsh College | J45: courseSeoOverrides.ts (keyword map)
A46: Programme | B46: BBA in Marketing | C46: https://uecampus.com/programmes/bba-marketing-walsh | D46: Online BBA Marketing | Walsh College USA | UeCampus | E46: Earn an accredited BBA Marketing 100% online from Walsh College USA (HLC & ACBSP accredited). Flexible study, monthly instalments, Sept 2026 intake. | F46: online bba marketing, bba marketing walsh college, accredited american bba marketing online, US degree online | G46: =IF(TRIM(F46)="",0,LEN(TRIM(F46))-LEN(SUBSTITUTE(TRIM(F46),",",""))+1) | H46: Bachelor's | I46: Walsh College Direct | J46: courseSeoOverrides.ts (keyword map)
A47: Programme | B47: BBA in Marketing | C47: https://uecampus.com/programmes/bba-marketing-ppa | D47: Online BBA Marketing | PPA Paris | UeCampus | E47: Study an accredited BBA Marketing online with PPA Business School Paris. No GMAT, flexible payments, finish in 12-18 months. Enrolling for September 2026. | F47: online bba marketing, bba marketing ppa business school, french business school bba marketing online, affordable bba marketing | G47: =IF(TRIM(F47)="",0,LEN(TRIM(F47))-LEN(SUBSTITUTE(TRIM(F47),",",""))+1) | H47: Bachelor's | I47: PPA | J47: courseSeoOverrides.ts (keyword map)
A48: Programme | B48: BBA in Marketing | C48: https://uecampus.com/programmes/bba-marketing-walsh-uecampus | D48: Online BBA Marketing | Walsh College USA | UeCampus | E48: Earn an accredited BBA Marketing 100% online from Walsh College USA (HLC & ACBSP accredited). Flexible study, monthly instalments, Sept 2026 intake. | F48: online bba marketing, bba marketing walsh college, accredited american bba marketing online, US degree online | G48: =IF(TRIM(F48)="",0,LEN(TRIM(F48))-LEN(SUBSTITUTE(TRIM(F48),",",""))+1) | H48: Bachelor's | I48: Walsh College | J48: courseSeoOverrides.ts (keyword map)
A49: Programme | B49: BBA, Bachelor of Business Administration | C49: https://uecampus.com/programmes/bba-walsh | D49: Online BBA | Walsh College USA | UeCampus | E49: Earn an accredited BBA 100% online from Walsh College USA (HLC & ACBSP accredited). Flexible study, monthly instalments, Sept 2026 intake. | F49: online bba, bba walsh college, accredited american bba online, US degree online | G49: =IF(TRIM(F49)="",0,LEN(TRIM(F49))-LEN(SUBSTITUTE(TRIM(F49),",",""))+1) | H49: Bachelor's | I49: Walsh College Direct | J49: courseSeoOverrides.ts (keyword map)
A50: Programme | B50: BBA, Bachelor of Business Administration | C50: https://uecampus.com/programmes/bba-walsh-uecampus | D50: Online BBA | Walsh College USA | UeCampus | E50: Earn an accredited BBA 100% online from Walsh College USA (HLC & ACBSP accredited). Flexible study, monthly instalments, Sept 2026 intake. | F50: online bba, bba walsh college, accredited american bba online, US degree online | G50: =IF(TRIM(F50)="",0,LEN(TRIM(F50))-LEN(SUBSTITUTE(TRIM(F50),",",""))+1) | H50: Bachelor's | I50: Walsh College | J50: courseSeoOverrides.ts (keyword map)
A51: Programme | B51: BSc in Artificial Intelligence & Machine Learning | C51: https://uecampus.com/programmes/bsc-in-artificial-intelligence--machine-learning | D51: BSc in Artificial Intelligence Machine Learning | UeCampus | E51: Study a recognised BSc in Artificial Intelligence Machine Learning 100% online with UeCampus. Flexible schedules, monthly instalments and full tutor | F51: online bsc in artificial intelligence machine learning, recognised bsc in artificial intelligence machine learning online, bsc in artificial intelligence machine learning distance learning, affordable bsc in artificial intelligence machine learning | G51: =IF(TRIM(F51)="",0,LEN(TRIM(F51))-LEN(SUBSTITUTE(TRIM(F51),",",""))+1) | H51: Bachelor's | I51: Walsh College | J51: courseSeoOverrides.ts (keyword map)
A52: Programme | B52: BSc in Artificial Intelligence & Machine Learning | C52: https://uecampus.com/programmes/bsc-in-artificial-intelligence--machine-learning-direct | D52: BSc in Artificial Intelligence Machine Learning | UeCampus | E52: Study a recognised BSc in Artificial Intelligence Machine Learning 100% online with UeCampus. Flexible schedules, monthly instalments and full tutor | F52: online bsc in artificial intelligence machine learning, recognised bsc in artificial intelligence machine learning online, bsc in artificial intelligence machine learning distance learning, affordable bsc in artificial intelligence machine learning | G52: =IF(TRIM(F52)="",0,LEN(TRIM(F52))-LEN(SUBSTITUTE(TRIM(F52),",",""))+1) | H52: Bachelor's | I52: Walsh College Direct | J52: courseSeoOverrides.ts (keyword map)
A53: Programme | B53: BSc in Data Analytics | C53: https://uecampus.com/programmes/bsc-in-data-analytics | D53: Online BSc in Data Analytics | Recognised | UeCampus | E53: Study a recognised BSc in Data Analytics 100% online with UeCampus. Flexible schedules, monthly instalments and full tutor support. Sept 2026 intake open. | F53: online bsc in data analytics, recognised bsc in data analytics online, bsc in data analytics distance learning, affordable bsc in data analytics | G53: =IF(TRIM(F53)="",0,LEN(TRIM(F53))-LEN(SUBSTITUTE(TRIM(F53),",",""))+1) | H53: Bachelor's | I53: Walsh College | J53: courseSeoOverrides.ts (keyword map)
... A56: Programme | B56: BSc in Information Technology (BSIT) | C56: https://uecampus.com/programmes/bsc-information-technology-walsh-uecampus | D56: Online BSc Information Technology | Walsh College | UeCampus | E56: Earn an accredited BSc Information Technology 100% online from Walsh College USA (HLC & ACBSP accredited). Flexible study, monthly instalments, Sept 2026 | F56: online bsc information technology, bsc information technology walsh college, accredited american bsc information technology online, US degree online | G56: =IF(TRIM(F56)="",0,LEN(TRIM(F56))-LEN(SUBSTITUTE(TRIM(F56),",",""))+1) | H56: Bachelor's | I56: Walsh College | J56: courseSeoOverrides.ts (keyword map)
A57: Programme | B57: DBA in Accounting and Finance | C57: https://uecampus.com/programmes/doctorate-in-business-dba | D57: DBA in Accounting and Finance | UeCampus | E57: DBA in Accounting and Finance delivered 100% online through Walsh College. Flexible, affordable and globally recognised. Sept 2026 intake. | F57: DBA in Accounting and Finance, online DBA in Accounting and Finance, Doctorate online, Walsh College, Accounting, Finance, Business, recognised online degree, UeCampus | G57: =IF(TRIM(F57)="",0,LEN(TRIM(F57))-LEN(SUBSTITUTE(TRIM(F57),",",""))+1) | H57: Doctorate | I57: Walsh College Direct | J57: generated from course data | K57: hidden from listings · canonical: /programmes/dba-walsh
A58: Programme | B58: DBA in Accounting and Finance | C58: https://uecampus.com/programmes/doctorate-in-business-dba-uecampus | D58: DBA in Accounting and Finance | Walsh College | UeCampus | E58: DBA in Accounting and Finance delivered 100% online through Walsh College & Qualifi. Flexible, affordable and globally recognised. Sept 2026 intake. | F58: DBA in Accounting and Finance, online DBA in Accounting and Finance, Doctorate online, Walsh College & Qualifi, Accounting, Finance, Business, recognised online degree, UeCampus | G58: =IF(TRIM(F58)="",0,LEN(TRIM(F58))-LEN(SUBSTITUTE(TRIM(F58),",",""))+1) | H58: Doctorate | I58: Walsh College | J58: generated from course data | K58: hidden from listings · canonical: /programmes/dba-walsh-uecampus
A59: Programme | B59: Doctor of Business Administration (DBA) | C59: https://uecampus.com/programmes/doctor-of-business-administration-dba | D59: Online DBA | Doctorate in Business Admin | UeCampus | E59: Earn your Doctorate in Business Administration 100% online. Recognised, research-driven and built for working executives. Enquire for Sept 2026. | F59: online DBA, doctorate of business administration online, affordable DBA, DBA distance learning | G59: =IF(TRIM(F59)="",0,LEN(TRIM(F59))-LEN(SUBSTITUTE(TRIM(F59),",",""))+1) | H59: Doctorate | I59: Walsh College Direct | J59: courseSeoOverrides.ts (keyword map)
A60: Programme | B60: Doctor of Business Administration (DBA) | C60: https://uecampus.com/programmes/doctor-of-business-administration-dba-uecampus | D60: Online DBA | Doctorate in Business Admin | UeCampus | E60: Earn your Doctorate in Business Administration 100% online. Recognised, research-driven and built for working executives. Enquire for Sept 2026. | F60: online DBA, doctorate of business administration online, affordable DBA, DBA distance learning | G60: =IF(TRIM(F60)="",0,LEN(TRIM(F60))-LEN(SUBSTITUTE(TRIM(F60),",",""))+1) | H60: Doctorate | I60: Walsh College | J60: courseSeoOverrides.ts (keyword map)
A61: Programme | B61: Doctor of Business Administration in Accounting | C61: https://uecampus.com/programmes/dba-walsh | D61: Online DBA | Walsh College USA | UeCampus | E61: Earn an accredited DBA 100% online from Walsh College USA (HLC & ACBSP accredited). Flexible study, monthly instalments, Sept 2026 intake. | F61: online dba, dba walsh college, accredited american dba online, US degree online | G61: =IF(TRIM(F61)="",0,LEN(TRIM(F61))-LEN(SUBSTITUTE(TRIM(F61),",",""))+1) | H61: Doctorate | I61: Walsh College Direct | J61: courseSeoOverrides.ts (keyword map)
A62: Programme | B62: Doctor of Business Administration in Accounting | C62: https://uecampus.com/programmes/dba-walsh-uecampus | D62: Online DBA | Walsh College USA | UeCampus | E62: Earn an accredited DBA 100% online from Walsh College USA (HLC & ACBSP accredited). Flexible study, monthly instalments, Sept 2026 intake. | F62: online dba, dba walsh college, accredited american dba online, US degree online | G62: =IF(TRIM(F62)="",0,LEN(TRIM(F62))-LEN(SUBSTITUTE(TRIM(F62),",",""))+1) | H62: Doctorate | I62: Walsh College | J62: courseSeoOverrides.ts (keyword map)
A63: Programme | B63: Doctor of Philosophy in Cyber Security | C63: https://uecampus.com/programmes/doctor-of-philosophy-in-cyber-security | D63: Online Doctor of Philosophy in Cyber Security | UeCampus | E63: Study a recognised Doctor of Philosophy in Cyber Security 100% online with UeCampus. Flexible schedules, monthly instalments and full tutor support. | F63: online doctor of philosophy in cyber security, recognised doctor of philosophy in cyber security online, doctor of philosophy in cyber security distance learning, affordable doctor of philosophy in cyber security | G63: =IF(TRIM(F63)="",0,LEN(TRIM(F63))-LEN(SUBSTITUTE(TRIM(F63),",",""))+1) | H63: Doctorate | I63: Walsh College Direct | J63: courseSeoOverrides.ts (keyword map)
A64: Programme | B64: Doctor of Philosophy in Cyber Security | C64: https://uecampus.com/programmes/doctor-of-philosophy-in-cyber-security-uecampus | D64: Online Doctor of Philosophy in Cyber Security | UeCampus | E64: Study a recognised Doctor of Philosophy in Cyber Security 100% online with UeCampus. Flexible schedules, monthly instalments and full tutor support. | F64: online doctor of philosophy in cyber security, recognised doctor of philosophy in cyber security online, doctor of philosophy in cyber security distance learning, affordable doctor of philosophy in cyber security | G64: =IF(TRIM(F64)="",0,LEN(TRIM(F64))-LEN(SUBSTITUTE(TRIM(F64),",",""))+1) | H64: Doctorate | I64: Walsh College | J64: courseSeoOverrides.ts (keyword map)
A65: Programme | B65: Doctor of Philosophy in Data Analytics | C65: https://uecampus.com/programmes/doctor-of-philosophy-in-data-analytics | D65: Online Doctor of Philosophy in Data Analytics | UeCampus | E65: Study a recognised Doctor of Philosophy in Data Analytics 100% online with UeCampus. Flexible schedules, monthly instalments and full tutor support. | F65: online doctor of philosophy in data analytics, recognised doctor of philosophy in data analytics online, doctor of philosophy in data analytics distance learning, affordable doctor of philosophy in data analytics | G65: =IF(TRIM(F65)="",0,LEN(TRIM(F65))-LEN(SUBSTITUTE(TRIM(F65),",",""))+1) | H65: Doctorate | I65: Walsh College Direct | J65: courseSeoOverrides.ts (keyword map)
A66: Programme | B66: Doctor of Philosophy in Data Analytics | C66: https://uecampus.com/programmes/doctor-of-philosophy-in-data-analytics-uecampus | D66: Online Doctor of Philosophy in Data Analytics | UeCampus | E66: Study a recognised Doctor of Philosophy in Data Analytics 100% online with UeCampus. Flexible schedules, monthly instalments and full tutor support. | F66: online doctor of philosophy in data analytics, recognised doctor of philosophy in data analytics online, doctor of philosophy in data analytics distance learning, affordable doctor of philosophy in data analytics | G66: =IF(TRIM(F66)="",0,LEN(TRIM(F66))-LEN(SUBSTITUTE(TRIM(F66),",",""))+1) | H66: Doctorate | I66: Walsh College | J66: courseSeoOverrides.ts (keyword map)
A67: Programme | B67: Level 2 Diploma in Business Beginners in Cyber Security | C67: https://uecampus.com/programmes/level-2-diploma-in-business-beginners-in-cyber-security | D67: Level 2 Diploma: Business Beginners in Cyber Security | UeCa | E67: UK Level 2 Diploma in Business Beginners in Cyber Security: Start from zero with this entry-level UK qualification. 100% online, assignment-based, with | F67: level 2 diploma in business beginners in cyber security, online business beginners in cyber security diploma UK, level 2 business beginners in cyber security course online | G67: =IF(TRIM(F67)="",0,LEN(TRIM(F67))-LEN(SUBSTITUTE(TRIM(F67),",",""))+1) | H67: Diploma | I67: Qualifi | J67: courseSeoOverrides.ts (keyword map)
A68: Programme | B68: Level 3 Extended Diploma in IT and Data Science | C68: https://uecampus.com/programmes/level-3-extended-diploma-in-it-and-data-science | D68: Level 3 IT and Data Science Diploma Online | UeCampus | E68: UK Level 3 Diploma in IT and Data Science: Equivalent to A-Levels/Grade 12 and your bridge to university study. 100% online, no exams, flexible monthly | F68: level 3 diploma in it and data science, online it and data science diploma UK, level 3 it and data science course online | G68: =IF(TRIM(F68)="",0,LEN(TRIM(F68))-LEN(SUBSTITUTE(TRIM(F68),",",""))+1) | H68: Diploma | I68: Qualifi | J68: courseSeoOverrides.ts (keyword map)
A69: Programme | B69: Level 4 Diploma in Artificial Intelligence | C69: https://uecampus.com/programmes/level-4-diploma-in-artificial-intelligence | D69: Level 4 Artificial Intelligence Diploma Online | UeCampus | E69: UK Level 4 Diploma in Artificial Intelligence: Equivalent to the first year of a UK degree. Study 100% online with assignments only and progress towards | F69: level 4 diploma in artificial intelligence, online artificial intelligence diploma UK, level 4 artificial intelligence course online | G69: =IF(TRIM(F69)="",0,LEN(TRIM(F69))-LEN(SUBSTITUTE(TRIM(F69),",",""))+1) | H69: Diploma | I69: Qualifi | J69: courseSeoOverrides.ts (keyword map)
A70: Programme | B70: Level 4 Diploma in Hospitality and Tourism Management | C70: https://uecampus.com/programmes/level-4-diploma-in-hospitality-and-tourism-management | D70: Level 4 Diploma: Hospitality and Tourism Management | UeCamp | E70: UK Level 4 Diploma in Hospitality and Tourism Management: Equivalent to the first year of a UK degree. Study 100% online with assignments only and | F70: level 4 diploma in hospitality and tourism management, online hospitality and tourism management diploma UK, level 4 hospitality and tourism management course online | G70: =IF(TRIM(F70)="",0,LEN(TRIM(F70))-LEN(SUBSTITUTE(TRIM(F70),",",""))+1) | H70: Diploma | I70: Qualifi | J70: courseSeoOverrides.ts (keyword map)
... A80: Programme | B80: Level 7 Diploma in Strategic Marketing | C80: https://uecampus.com/programmes/level-7-diploma-in-strategic-marketing | D80: Level 7 Strategic Marketing Diploma Online | UeCampus | E80: UK Level 7 Diploma in Strategic Marketing: A masters-level UK award and affordable route to an MBA/MSc top-up. Fully online, assignment-based, no exams. | F80: level 7 diploma in strategic marketing, online strategic marketing diploma UK, level 7 strategic marketing course online | G80: =IF(TRIM(F80)="",0,LEN(TRIM(F80))-LEN(SUBSTITUTE(TRIM(F80),",",""))+1) | H80: Diploma | I80: Qualifi | J80: courseSeoOverrides.ts (keyword map)
A81: Programme | B81: Master of Business Administration (MBA) | C81: https://uecampus.com/programmes/master-of-business-administration-mba | D81: Online MBA | Recognised & Affordable | UeCampus | E81: Earn an accredited MBA 100% online. No GMAT, monthly instalments, 12-18 months. Choose Walsh (USA), PPA (Paris) or eie (Europe). Sept 2026 intake. | F81: online MBA, affordable online MBA, recognised MBA online, MBA without GMAT, distance learning MBA | G81: =IF(TRIM(F81)="",0,LEN(TRIM(F81))-LEN(SUBSTITUTE(TRIM(F81),",",""))+1) | H81: Master's | I81: Walsh College | J81: courseSeoOverrides.ts (keyword map) | K81: hidden from listings · canonical: /programmes/mba-general-management-walsh
A82: Programme | B82: Master of Business Administration (MBA) | C82: https://uecampus.com/programmes/master-of-business-administration-mba-eie-european-business-school | D82: Master of Business Administration MBA | eie | UeCampus | E82: Accredited European Master of Business Administration MBA delivered 100% online through eie European Business School. Flexible, affordable, globally | F82: online master of business administration mba, master of business administration mba eie european business school, european degree online, MQF accredited degree | G82: =IF(TRIM(F82)="",0,LEN(TRIM(F82))-LEN(SUBSTITUTE(TRIM(F82),",",""))+1) | H82: Master's | I82: eie Business School | J82: courseSeoOverrides.ts (keyword map)
A83: Programme | B83: Master of Business Administration (MBA) | C83: https://uecampus.com/programmes/master-of-business-administration-mba-direct | D83: Online MBA | Recognised & Affordable | UeCampus | E83: Earn an accredited MBA 100% online. No GMAT, monthly instalments, 12-18 months. Choose Walsh (USA), PPA (Paris) or eie (Europe). Sept 2026 intake. | F83: online MBA, affordable online MBA, recognised MBA online, MBA without GMAT, distance learning MBA | G83: =IF(TRIM(F83)="",0,LEN(TRIM(F83))-LEN(SUBSTITUTE(TRIM(F83),",",""))+1) | H83: Master's | I83: Walsh College Direct | J83: courseSeoOverrides.ts (keyword map) | K83: hidden from listings · canonical: /programmes/mba-general-management-walsh
A84: Programme | B84: Master of Business Administration Degree (MBA) | C84: https://uecampus.com/programmes/master-of-business-administration-degree-mba | D84: Master of Business Administration Degree (MBA) | UeCampus | E84: Master of Business Administration Degree (MBA) delivered 100% online through Walsh College. Flexible, affordable and globally recognised. Sept 2026 intake. | F84: Master of Business Administration Degree (MBA), online Master of Business Administration Degree (MBA), Master's online, Walsh College, Business, recognised online degree, UeCampus | G84: =IF(TRIM(F84)="",0,LEN(TRIM(F84))-LEN(SUBSTITUTE(TRIM(F84),",",""))+1) | H84: Master's | I84: Walsh College | J84: generated from course data | K84: hidden from listings · canonical: /programmes/mba-general-management-walsh
A85: Programme | B85: Master of Business Administration Degree (MBA) | C85: https://uecampus.com/programmes/master-of-business-administration-degree-mba-direct | D85: Master of Business Administration Degree (MBA) | UeCampus | E85: Master of Business Administration Degree (MBA) delivered 100% online through Walsh College. Flexible, affordable and globally recognised. Sept 2026 intake. | F85: Master of Business Administration Degree (MBA), online Master of Business Administration Degree (MBA), Master's online, Walsh College, Business, recognised online degree, UeCampus | G85: =IF(TRIM(F85)="",0,LEN(TRIM(F85))-LEN(SUBSTITUTE(TRIM(F85),",",""))+1) | H85: Master's | I85: Walsh College Direct | J85: generated from course data | K85: hidden from listings · canonical: /programmes/mba-general-management-walsh
A86: Programme | B86: Master of Science in Data Analytics | C86: https://uecampus.com/programmes/master-of-science-in-data-analytics | D86: Online Master of Science in Data Analytics | UeCampus | E86: Study a recognised Master of Science in Data Analytics 100% online with UeCampus. Flexible schedules, monthly instalments and full tutor support. Sept | F86: online master of science in data analytics, recognised master of science in data analytics online, master of science in data analytics distance learning, affordable master of science in data analytics | G86: =IF(TRIM(F86)="",0,LEN(TRIM(F86))-LEN(SUBSTITUTE(TRIM(F86),",",""))+1) | H86: Master's | I86: Walsh College | J86: courseSeoOverrides.ts (keyword map)
A87: Programme | B87: Master of Science in Data Analytics | C87: https://uecampus.com/programmes/master-of-science-in-data-analytics-direct | D87: Online Master of Science in Data Analytics | UeCampus | E87: Study a recognised Master of Science in Data Analytics 100% online with UeCampus. Flexible schedules, monthly instalments and full tutor support. Sept | F87: online master of science in data analytics, recognised master of science in data analytics online, master of science in data analytics distance learning, affordable master of science in data analytics | G87: =IF(TRIM(F87)="",0,LEN(TRIM(F87))-LEN(SUBSTITUTE(TRIM(F87),",",""))+1) | H87: Master's | I87: Walsh College Direct | J87: courseSeoOverrides.ts (keyword map)
A88: Programme | B88: Master of Science in Finance | C88: https://uecampus.com/programmes/master-of-science-in-finance | D88: Online Master of Science in Finance | Recognised | UeCampus | E88: Study a recognised Master of Science in Finance 100% online with UeCampus. Flexible schedules, monthly instalments and full tutor support. Sept 2026 | F88: online master of science in finance, recognised master of science in finance online, master of science in finance distance learning, affordable master of science in finance | G88: =IF(TRIM(F88)="",0,LEN(TRIM(F88))-LEN(SUBSTITUTE(TRIM(F88),",",""))+1) | H88: Master's | I88: Walsh College | J88: courseSeoOverrides.ts (keyword map)
A89: Programme | B89: Master of Science in Finance | C89: https://uecampus.com/programmes/master-of-science-in-finance-direct | D89: Online Master of Science in Finance | Recognised | UeCampus | E89: Study a recognised Master of Science in Finance 100% online with UeCampus. Flexible schedules, monthly instalments and full tutor support. Sept 2026 | F89: online master of science in finance, recognised master of science in finance online, master of science in finance distance learning, affordable master of science in finance | G89: =IF(TRIM(F89)="",0,LEN(TRIM(F89))-LEN(SUBSTITUTE(TRIM(F89),",",""))+1) | H89: Master's | I89: Walsh College Direct | J89: courseSeoOverrides.ts (keyword map)
A90: Programme | B90: Master of Science in Information Technology | C90: https://uecampus.com/programmes/ms-information-technology-walsh | D90: Online MS Information Technology | Walsh College | UeCampus | E90: Earn an accredited MS Information Technology 100% online from Walsh College USA (HLC & ACBSP accredited). Flexible study, monthly instalments, Sept 2026 | F90: online ms information technology, ms information technology walsh college, accredited american ms information technology online, US degree online | G90: =IF(TRIM(F90)="",0,LEN(TRIM(F90))-LEN(SUBSTITUTE(TRIM(F90),",",""))+1) | H90: Master's | I90: Walsh College Direct | J90: courseSeoOverrides.ts (keyword map)
A91: Programme | B91: Master of Science in Information Technology | C91: https://uecampus.com/programmes/ms-information-technology-walsh-uecampus | D91: Online MS Information Technology | Walsh College | UeCampus | E91: Earn an accredited MS Information Technology 100% online from Walsh College USA (HLC & ACBSP accredited). Flexible study, monthly instalments, Sept 2026 | F91: online ms information technology, ms information technology walsh college, accredited american ms information technology online, US degree online | G91: =IF(TRIM(F91)="",0,LEN(TRIM(F91))-LEN(SUBSTITUTE(TRIM(F91),",",""))+1) | H91: Master's | I91: Walsh College | J91: courseSeoOverrides.ts (keyword map)
A92: Programme | B92: Master of Science in Management | C92: https://uecampus.com/programmes/ms-management-walsh | D92: Online MS Management | Walsh College USA | UeCampus | E92: Earn an accredited MS Management 100% online from Walsh College USA (HLC & ACBSP accredited). Flexible study, monthly instalments, Sept 2026 intake. | F92: online ms management, ms management walsh college, accredited american ms management online, US degree online | G92: =IF(TRIM(F92)="",0,LEN(TRIM(F92))-LEN(SUBSTITUTE(TRIM(F92),",",""))+1) | H92: Master's | I92: Walsh College Direct | J92: courseSeoOverrides.ts (keyword map)
A93: Programme | B93: Master of Science in Management | C93: https://uecampus.com/programmes/ms-management-walsh-uecampus | D93: Online MS Management | Walsh College USA | UeCampus | E93: Earn an accredited MS Management 100% online from Walsh College USA (HLC & ACBSP accredited). Flexible study, monthly instalments, Sept 2026 intake. | F93: online ms management, ms management walsh college, accredited american ms management online, US degree online | G93: =IF(TRIM(F93)="",0,LEN(TRIM(F93))-LEN(SUBSTITUTE(TRIM(F93),",",""))+1) | H93: Master's | I93: Walsh College | J93: courseSeoOverrides.ts (keyword map)
A94: Programme | B94: Master of Science in Marketing | C94: https://uecampus.com/programmes/ms-marketing-walsh | D94: Online MS Marketing | Walsh College USA | UeCampus | E94: Earn an accredited MS Marketing 100% online from Walsh College USA (HLC & ACBSP accredited). Flexible study, monthly instalments, Sept 2026 intake. | F94: online ms marketing, ms marketing walsh college, accredited american ms marketing online, US degree online | G94: =IF(TRIM(F94)="",0,LEN(TRIM(F94))-LEN(SUBSTITUTE(TRIM(F94),",",""))+1) | H94: Master's | I94: Walsh College Direct | J94: courseSeoOverrides.ts (keyword map)
A95: Programme | B95: Master of Science in Marketing | C95: https://uecampus.com/programmes/ms-marketing-walsh-uecampus | D95: Online MS Marketing | Walsh College USA | UeCampus | E95: Earn an accredited MS Marketing 100% online from Walsh College USA (HLC & ACBSP accredited). Flexible study, monthly instalments, Sept 2026 intake. | F95: online ms marketing, ms marketing walsh college, accredited american ms marketing online, US degree online | G95: =IF(TRIM(F95)="",0,LEN(TRIM(F95))-LEN(SUBSTITUTE(TRIM(F95),",",""))+1) | H95: Master's | I95: Walsh College | J95: courseSeoOverrides.ts (keyword map)
A96: Programme | B96: Master's in Business Administration (MBA) | C96: https://uecampus.com/programmes/masters-in-business-administration-mba | D96: Master's in Business Administration (MBA) | UeCampus | E96: Master's in Business Administration (MBA) delivered 100% online through Walsh College. Flexible, affordable and globally recognised. Sept 2026 intake. | F96: Master's in Business Administration (MBA), online Master's in Business Administration (MBA), Master's online, Walsh College, Business, recognised online degree, UeCampus | G96: =IF(TRIM(F96)="",0,LEN(TRIM(F96))-LEN(SUBSTITUTE(TRIM(F96),",",""))+1) | H96: Master's | I96: Walsh College | J96: generated from course data | K96: hidden from listings · canonical: /programmes/mba-general-management-walsh
A97: Programme | B97: Master's in Business Administration (MBA) | C97: https://uecampus.com/programmes/masters-in-business-administration-mba-direct | D97: Master's in Business Administration (MBA) | UeCampus | E97: Master's in Business Administration (MBA) delivered 100% online through Walsh College. Flexible, affordable and globally recognised. Sept 2026 intake. | F97: Master's in Business Administration (MBA), online Master's in Business Administration (MBA), Master's online, Walsh College, Business, recognised online degree, UeCampus | G97: =IF(TRIM(F97)="",0,LEN(TRIM(F97))-LEN(SUBSTITUTE(TRIM(F97),",",""))+1) | H97: Master's | I97: Walsh College Direct | J97: generated from course data | K97: hidden from listings · canonical: /programmes/mba-general-management-walsh
A98: Programme | B98: Master's in Business Management | C98: https://uecampus.com/programmes/master-business-management-eie | D98: Online Master Business Management | eie Malta | UeCampus | E98: Accredited European Master Business Management delivered 100% online through eie European Business School. Flexible, affordable, globally recognised. | F98: online master business management, master business management eie european business school, european degree online, MQF accredited degree | G98: =IF(TRIM(F98)="",0,LEN(TRIM(F98))-LEN(SUBSTITUTE(TRIM(F98),",",""))+1) | H98: Master's | I98: eie Business School | J98: courseSeoOverrides.ts (keyword map)
A99: Programme | B99: Master's in Hospitality & Tourism (MBA) | C99: https://uecampus.com/programmes/master-hospitality-tourism-eie | D99: Online Master Hospitality Tourism | eie Malta | UeCampus | E99: Accredited European Master Hospitality Tourism delivered 100% online through eie European Business School. Flexible, affordable, globally recognised. | F99: online master hospitality tourism, master hospitality tourism eie european business school, european degree online, MQF accredited degree | G99: =IF(TRIM(F99)="",0,LEN(TRIM(F99))-LEN(SUBSTITUTE(TRIM(F99),",",""))+1) | H99: Master's | I99: eie Business School | J99: courseSeoOverrides.ts (keyword map)
A100: Programme | B100: MBA in Accounting & Finance | C100: https://uecampus.com/programmes/mba-accounting-finance-ppa | D100: Online MBA Accounting Finance | PPA Paris | UeCampus | E100: Study an accredited MBA Accounting Finance online with PPA Business School Paris. No GMAT, flexible payments, finish in 12-18 months. Enrolling for | F100: online mba accounting finance, mba accounting finance ppa business school, french business school mba accounting finance online, affordable mba accounting finance | G100: =IF(TRIM(F100)="",0,LEN(TRIM(F100))-LEN(SUBSTITUTE(TRIM(F100),",",""))+1) | H100: Master's | I100: PPA | J100: courseSeoOverrides.ts (keyword map)
A101: Programme | B101: MBA in Accounting and Finance | C101: https://uecampus.com/programmes/mba-accounting-finance-eie | D101: Online MBA Accounting Finance | eie Malta | UeCampus | E101: Accredited European MBA Accounting Finance delivered 100% online through eie European Business School. Flexible, affordable, globally recognised. | F101: online mba accounting finance, mba accounting finance eie european business school, european degree online, MQF accredited degree | G101: =IF(TRIM(F101)="",0,LEN(TRIM(F101))-LEN(SUBSTITUTE(TRIM(F101),",",""))+1) | H101: Master's | I101: eie Business School | J101: courseSeoOverrides.ts (keyword map)
A102: Programme | B102: MBA in Human Resource Management | C102: https://uecampus.com/programmes/mba-human-resource-management-ppa | D102: Online MBA Human Resource Management | PPA Paris | UeCampus | E102: Study an accredited MBA Human Resource Management online with PPA Business School Paris. No GMAT, flexible payments, finish in 12-18 months. Enrolling | F102: online mba human resource management, mba human resource management ppa business school, french business school mba human resource management online, affordable mba human resource management | G102: =IF(TRIM(F102)="",0,LEN(TRIM(F102))-LEN(SUBSTITUTE(TRIM(F102),",",""))+1) | H102: Master's | I102: PPA | J102: courseSeoOverrides.ts (keyword map)
A103: Programme | B103: MBA in International Business | C103: https://uecampus.com/programmes/mba-international-business-ppa | D103: Online MBA International Business | PPA Paris | UeCampus | E103: Study an accredited MBA International Business online with PPA Business School Paris. No GMAT, flexible payments, finish in 12-18 months. Enrolling for | F103: online mba international business, mba international business ppa business school, french business school mba international business online, affordable mba international business | G103: =IF(TRIM(F103)="",0,LEN(TRIM(F103))-LEN(SUBSTITUTE(TRIM(F103),",",""))+1) | H103: Master's | I103: PPA | J103: courseSeoOverrides.ts (keyword map)
A104: Programme | B104: MBA in Supply Chain Management | C104: https://uecampus.com/programmes/mba-supply-chain-management-ppa | D104: Online MBA Supply Chain Management | PPA Paris | UeCampus | E104: Study an accredited MBA Supply Chain Management online with PPA Business School Paris. No GMAT, flexible payments, finish in 12-18 months. Enrolling for | F104: online mba supply chain management, mba supply chain management ppa business school, french business school mba supply chain management online, affordable mba supply chain management | G104: =IF(TRIM(F104)="",0,LEN(TRIM(F104))-LEN(SUBSTITUTE(TRIM(F104),",",""))+1) | H104: Master's | I104: PPA | J104: courseSeoOverrides.ts (keyword map)
A105: Programme | B105: MBA, General Management | C105: https://uecampus.com/programmes/mba-general-management-walsh | D105: Online MBA General Management | Walsh College USA | UeCampus | E105: Earn an accredited MBA General Management 100% online from Walsh College USA (HLC & ACBSP accredited). Flexible study, monthly instalments, Sept 2026 | F105: online mba general management, mba general management walsh college, accredited american mba general management online, US degree online | G105: =IF(TRIM(F105)="",0,LEN(TRIM(F105))-LEN(SUBSTITUTE(TRIM(F105),",",""))+1) | H105: Master's | I105: Walsh College Direct | J105: courseSeoOverrides.ts (keyword map)
A106: Programme | B106: MBA, General Management | C106: https://uecampus.com/programmes/mba-general-management-walsh-uecampus | D106: Online MBA General Management | Walsh College USA | UeCampus | E106: Earn an accredited MBA General Management 100% online from Walsh College USA (HLC & ACBSP accredited). Flexible study, monthly instalments, Sept 2026 | F106: online mba general management, mba general management walsh college, accredited american mba general management online, US degree online | G106: =IF(TRIM(F106)="",0,LEN(TRIM(F106))-LEN(SUBSTITUTE(TRIM(F106),",",""))+1) | H106: Master's | I106: Walsh College | J106: courseSeoOverrides.ts (keyword map)
A107: Programme | B107: MSc in AI and Machine Learning | C107: https://uecampus.com/programmes/msc-in-ai-and-machine-learning | D107: Online MSc in AI and Machine Learning | UeCampus | E107: Study a recognised MSc in AI and Machine Learning 100% online with UeCampus. Flexible schedules, monthly instalments and full tutor support. Sept 2026 | F107: online msc in ai and machine learning, recognised msc in ai and machine learning online, msc in ai and machine learning distance learning, affordable msc in ai and machine learning | G107: =IF(TRIM(F107)="",0,LEN(TRIM(F107))-LEN(SUBSTITUTE(TRIM(F107),",",""))+1) | H107: Master's | I107: Walsh College | J107: courseSeoOverrides.ts (keyword map) | K107: hidden from listings · canonical: /programmes/msc-artificial-intelligence-walsh
A108: Programme | B108: MSc in AI and Machine Learning | C108: https://uecampus.com/programmes/msc-in-ai-and-machine-learning-direct | D108: Online MSc in AI and Machine Learning | UeCampus | E108: Study a recognised MSc in AI and Machine Learning 100% online with UeCampus. Flexible schedules, monthly instalments and full tutor support. Sept 2026 | F108: online msc in ai and machine learning, recognised msc in ai and machine learning online, msc in ai and machine learning distance learning, affordable msc in ai and machine learning | G108: =IF(TRIM(F108)="",0,LEN(TRIM(F108))-LEN(SUBSTITUTE(TRIM(F108),",",""))+1) | H108: Master's | I108: Walsh College Direct | J108: courseSeoOverrides.ts (keyword map) | K108: hidden from listings · canonical: /programmes/msc-artificial-intelligence-walsh
A109: Programme | B109: MSc in Artificial Intelligence | C109: https://uecampus.com/programmes/msc-artificial-intelligence-walsh | D109: MSc Artificial Intelligence Online | Walsh | UeCampus | E109: Earn an accredited MSc Artificial Intelligence 100% online from Walsh College USA (HLC & ACBSP accredited). Flexible study, monthly instalments, Sept | F109: online msc artificial intelligence, msc artificial intelligence walsh college, accredited american msc artificial intelligence online, US degree online | G109: =IF(TRIM(F109)="",0,LEN(TRIM(F109))-LEN(SUBSTITUTE(TRIM(F109),",",""))+1) | H109: Master's | I109: Walsh College Direct | J109: courseSeoOverrides.ts (keyword map)
A110: Programme | B110: MSc in Artificial Intelligence | C110: https://uecampus.com/programmes/msc-artificial-intelligence-walsh-uecampus | D110: MSc Artificial Intelligence Online | Walsh | UeCampus | E110: Earn an accredited MSc Artificial Intelligence 100% online from Walsh College USA (HLC & ACBSP accredited). Flexible study, monthly instalments, Sept | F110: online msc artificial intelligence, msc artificial intelligence walsh college, accredited american msc artificial intelligence online, US degree online | G110: =IF(TRIM(F110)="",0,LEN(TRIM(F110))-LEN(SUBSTITUTE(TRIM(F110),",",""))+1) | H110: Master's | I110: Walsh College | J110: courseSeoOverrides.ts (keyword map)
A111: Programme | B111: MSc in Cyber Security | C111: https://uecampus.com/programmes/msc-cyber-security-walsh | D111: Online MSc Cyber Security | Walsh College USA | UeCampus | E111: Earn an accredited MSc Cyber Security 100% online from Walsh College USA (HLC & ACBSP accredited). Flexible study, monthly instalments, Sept 2026 intake. | F111: online msc cyber security, msc cyber security walsh college, accredited american msc cyber security online, US degree online | G111: =IF(TRIM(F111)="",0,LEN(TRIM(F111))-LEN(SUBSTITUTE(TRIM(F111),",",""))+1) | H111: Master's | I111: Walsh College Direct | J111: courseSeoOverrides.ts (keyword map)
A112: Programme | B112: MSc in Cyber Security | C112: https://uecampus.com/programmes/msc-cyber-security-walsh-uecampus | D112: Online MSc Cyber Security | Walsh College USA | UeCampus | E112: Earn an accredited MSc Cyber Security 100% online from Walsh College USA (HLC & ACBSP accredited). Flexible study, monthly instalments, Sept 2026 intake. | F112: online msc cyber security, msc cyber security walsh college, accredited american msc cyber security online, US degree online | G112: =IF(TRIM(F112)="",0,LEN(TRIM(F112))-LEN(SUBSTITUTE(TRIM(F112),",",""))+1) | H112: Master's | I112: Walsh College | J112: courseSeoOverrides.ts (keyword map)
...

Sheet Keywords
A1: Keyword | B1: Group | C1: Page / Programme | D1: URL | E1: Position on page | F1: Title tag
A2: about uecampus | B2: Site page | C2: About UeCampus | D2: https://uecampus.com/about-us | E2: 1 | F2: About UeCampus | Online Higher Education Platform
A3: Accounting | B3: Programme | C3: BBA for ACCA | D3: https://uecampus.com/programmes/bba-for-acca | E3: 5 | F3: BBA for ACCA | Walsh College | UeCampus
A4: Accounting | B4: Programme | C4: BBA for ACCA | D4: https://uecampus.com/programmes/bba-for-acca-direct | E4: 5 | F4: BBA for ACCA | Walsh College Direct | UeCampus
A5: Accounting | B5: Programme | C5: BBA in Accounting | D5: https://uecampus.com/programmes/bba-in-accounting | E5: 5 | F5: BBA in Accounting | Walsh College | UeCampus
A6: Accounting | B6: Programme | C6: BBA in Accounting | D6: https://uecampus.com/programmes/bba-in-accounting-direct | E6: 5 | F6: BBA in Accounting | Walsh College Direct | UeCampus
A7: Accounting | B7: Programme | C7: DBA in Accounting and Finance | D7: https://uecampus.com/programmes/doctorate-in-business-dba | E7: 5 | F7: DBA in Accounting and Finance | UeCampus
A8: Accounting | B8: Programme | C8: DBA in Accounting and Finance | D8: https://uecampus.com/programmes/doctorate-in-business-dba-uecampus | E8: 5 | F8: DBA in Accounting and Finance | Walsh College | UeCampus
A9: accredited american bba finance online | B9: Programme | C9: BBA in Finance | D9: https://uecampus.com/programmes/bba-finance-walsh | E9: 3 | F9: Online BBA Finance | Walsh College USA | UeCampus
A10: accredited american bba finance online | B10: Programme | C10: BBA in Finance | D10: https://uecampus.com/programmes/bba-finance-walsh-uecampus | E10: 3 | F10: Online BBA Finance | Walsh College USA | UeCampus
A11: accredited american bba human resource management online | B11: Programme | C11: Bachelor of Business Administration in Human Resource Management | D11: https://uecampus.com/programmes/bba-human-resource-management-walsh | E11: 3 | F11: BBA Human Resource Management Online | Walsh | UeCampus
A12: accredited american bba human resource management online | B12: Programme | C12: Bachelor of Business Administration in Human Resource Management | D12: https://uecampus.com/programmes/bba-human-resource-management-walsh-uecampus | E12: 3 | F12: BBA Human Resource Management Online | Walsh | UeCampus
A13: accredited american bba international business online | B13: Programme | C13: BBA in International Business | D13: https://uecampus.com/programmes/bba-international-business-walsh | E13: 3 | F13: Online BBA International Business | Walsh College | UeCampus
... A622: Walsh College online degree | B622: Partner | C622: Walsh College | D622: https://uecampus.com/partners/walsh-college | E622: 3 | F622: Walsh College | UeCampus Partner

Sheet Keyword Index
A1: Keyword (unique) | B1: Pages using it | C1: Groups | D1: Pages
A2: US degree online | B2: =COUNTIF(Keywords!$A$2:$A$622,A2) | C2: Programme | D2: BBA in Finance; BBA in International Business; BBA in Marketing; BBA, Bachelor of Business Administration; BSc in Information Technology (BSIT); Bachelor of Business Administration in Human Resource Management (+8 more)
A3: UeCampus | B3: =COUNTIF(Keywords!$A$2:$A$622,A3) | C3: Programme, Site page | D3: BBA for ACCA; BBA in Accounting; BBA in Entrepreneurship; DBA in Accounting and Finance; Level 7 Diploma in Education Management and Leadership; MSc in Finance (+6 more)
A4: recognised online degree | B4: =COUNTIF(Keywords!$A$2:$A$622,A4) | C4: Programme | D4: BBA for ACCA; BBA in Accounting; BBA in Entrepreneurship; DBA in Accounting and Finance; Level 7 Diploma in Education Management and Leadership; MSc in Finance (+4 more)
A5: Walsh College | B5: =COUNTIF(Keywords!$A$2:$A$622,A5) | C5: Partner, Programme | D5: BBA for ACCA; BBA in Accounting; BBA in Entrepreneurship; DBA in Accounting and Finance; MSc in Finance; Master of Business Administration Degree (MBA) (+2 more)
A6: european degree online | B6: =COUNTIF(Keywords!$A$2:$A$622,A6) | C6: Programme | D6: BA (Hons) in Business Management (BBA); Bachelor of Arts in Accountancy and Finance; Bachelor of Arts in Business Managment; Bachelors of Arts in Tourism and Hospitality Management; MBA in Accounting and Finance; Master of Business Administration (MBA) (+2 more)
A7: MQF accredited degree | B7: =COUNTIF(Keywords!$A$2:$A$622,A7) | C7: Programme | D7: BA (Hons) in Business Management (BBA); Bachelor of Arts in Accountancy and Finance; Bachelor of Arts in Business Managment; Bachelors of Arts in Tourism and Hospitality Management; MBA in Accounting and Finance; Master of Business Administration (MBA) (+2 more)
A8: Business | B8: =COUNTIF(Keywords!$A$2:$A$622,A8) | C8: Programme | D8: DBA in Accounting and Finance; Master of Business Administration Degree (MBA); Master's in Business Administration (MBA); Qualifi Level 8 Diploma in Strategic Management and Leadership (Business Administration)
A9: Accounting | B9: =COUNTIF(Keywords!$A$2:$A$622,A9) | C9: Programme | D9: BBA for ACCA; BBA in Accounting; DBA in Accounting and Finance
A10: Bachelor's online | B10: =COUNTIF(Keywords!$A$2:$A$622,A10) | C10: Programme | D10: BBA for ACCA; BBA in Accounting; BBA in Entrepreneurship
A11: Master's online | B11: =COUNTIF(Keywords!$A$2:$A$622,A11) | C11: Programme | D11: MSc in Finance; Master of Business Administration Degree (MBA); Master's in Business Administration (MBA)
A12: uecampus partners | B12: =COUNTIF(Keywords!$A$2:$A$622,A12) | C12: Partner | D12: EduQual; PPA Business School; Qualifi; Walsh College; eie European Business School
A13: Finance | B13: =COUNTIF(Keywords!$A$2:$A$622,A13) | C13: Programme | D13: DBA in Accounting and Finance; MSc in Finance
... A355: Walsh College online degree | B355: =COUNTIF(Keywords!$A$2:$A$622,A355) | C355: Partner | D355: Walsh College
